d,q,e,g
1,3,1,0
2,5,1,0
3,7,1,0
4,3,2,0
5,11,1,0
6,13,1,0
7,13,1,2
8,17,1,0
9,19,1,0
10,19,1,2
11,23,1,0
12,23,1,2
13,19,1,8
14,29,1,0
15,31,1,0
16,31,1,2
17,29,1,6
18,37,1,0
19,37,1,2
20,41,1,0
21,43,1,0
22,43,1,2
23,47,1,0
24,47,1,2
25,47,1,4
26,53,1,0
27,53,1,2
28,53,1,4
29,59,1,0
30,61,1,0
31,61,1,2
32,61,1,4
33,67,1,0
34,67,1,2
35,71,1,0
36,73,1,0
37,73,1,2
38,73,1,4
39,79,1,0
40,79,1,2
41,83,1,0
42,83,1,2
43,83,1,4
44,89,1,0
45,89,1,2
46,89,1,4
47,89,1,6
48,97,1,0
49,97,1,2
50,101,1,0
51,103,1,0
52,103,1,2
53,107,1,0
54,109,1,0
55,109,1,2
56,113,1,0
57,113,1,2
58,113,1,4
59,113,1,6
60,113,1,8
61,113,1,10
62,113,1,12
63,127,1,0
64,127,1,2
65,131,1,0
66,131,1,2
67,131,1,4
68,137,1,0
69,139,1,0
70,139,1,2
71,139,1,4
72,139,1,6
73,139,1,8
74,149,1,0
75,151,1,0
76,151,1,2
77,151,1,4
78,157,1,0
79,157,1,2
80,157,1,4
81,163,1,0
82,163,1,2
83,167,1,0
84,167,1,2
85,167,1,4
86,173,1,0
87,173,1,2
88,173,1,4
89,179,1,0
90,181,1,0
91,181,1,2
92,181,1,4
93,181,1,6
94,181,1,8
95,191,1,0
96,193,1,0
97,193,1,2
98,197,1,0
99,199,1,0
100,199,1,2
101,199,1,4
102,199,1,6
103,199,1,8
104,199,1,10
105,211,1,0
106,211,1,2
107,211,1,4
108,211,1,6
109,211,1,8
110,211,1,10
111,223,1,0
112,223,1,2
113,227,1,0
114,229,1,0
115,229,1,2
116,233,1,0
117,233,1,2
118,233,1,4
119,239,1,0
120,241,1,0
121,241,1,2
122,241,1,4
123,241,1,6
124,239,1,10
125,251,1,0
126,251,1,2
127,251,1,4
128,257,1,0
129,257,1,2
130,257,1,4
131,263,1,0
132,263,1,2
133,263,1,4
134,269,1,0
135,271,1,0
136,271,1,2
137,271,1,4
138,277,1,0
139,277,1,2
140,281,1,0
141,283,1,0
142,283,1,2
143,283,1,4
144,283,1,6
145,283,1,8
146,293,1,0
147,293,1,2
148,293,1,4
149,293,1,6
150,293,1,8
151,293,1,10
152,293,1,12
153,307,1,0
154,307,1,2
155,311,1,0
156,313,1,0
157,313,1,2
158,317,1,0
159,317,1,2
160,317,1,4
161,317,1,6
162,317,1,8
163,317,1,10
164,317,1,12
165,331,1,0
166,331,1,2
167,331,1,4
168,337,1,0
169,337,1,2
170,337,1,4
171,337,1,6
172,337,1,8
173,347,1,0
174,349,1,0
175,349,1,2
176,353,1,0
177,353,1,2
178,349,1,8
179,359,1,0
180,359,1,2
181,359,1,4
182,359,1,6
183,367,1,0
184,367,1,2
185,367,1,4
186,373,1,0
187,373,1,2
188,373,1,4
189,379,1,0
190,379,1,2
191,383,1,0
192,383,1,2
193,383,1,4
194,389,1,0
195,389,1,2
196,389,1,4
197,383,1,12
198,397,1,0
199,397,1,2
200,401,1,0
201,401,1,2
202,401,1,4
203,401,1,6
204,409,1,0
205,409,1,2
206,409,1,4
207,409,1,6
208,409,1,8
209,419,1,0
210,421,1,0
211,421,1,2
212,421,1,4
213,421,1,6
214,421,1,8
215,431,1,0
216,433,1,0
217,433,1,2
218,433,1,4
219,439,1,0
220,439,1,2
221,443,1,0
222,443,1,2
223,443,1,4
224,449,1,0
225,449,1,2
226,449,1,4
227,449,1,6
228,457,1,0
229,457,1,2
230,461,1,0
231,463,1,0
232,463,1,2
233,467,1,0
234,467,1,2
235,467,1,4
236,467,1,6
237,467,1,8
238,467,1,10
239,479,1,0
240,479,1,2
241,479,1,4
242,479,1,6
243,487,1,0
244,487,1,2
245,491,1,0
246,491,1,2
247,491,1,4
248,491,1,6
249,499,1,0
250,499,1,2
251,503,1,0
252,503,1,2
253,503,1,4
254,509,1,0
255,509,1,2
256,509,1,4
257,509,1,6
258,509,1,8
259,503,1,16
260,521,1,0
261,523,1,0
262,523,1,2
263,523,1,4
264,523,1,6
265,523,1,8
266,523,1,10
267,523,1,12
268,523,1,14
269,523,1,16
270,541,1,0
271,541,1,2
272,541,1,4
273,547,1,0
274,547,1,2
275,547,1,4
276,547,1,6
277,547,1,8
278,557,1,0
279,557,1,2
280,557,1,4
281,563,1,0
282,563,1,2
283,563,1,4
284,569,1,0
285,571,1,0
286,571,1,2
287,571,1,4
288,577,1,0
289,577,1,2
290,577,1,4
291,577,1,6
292,577,1,8
293,587,1,0
294,587,1,2
295,587,1,4
296,593,1,0
297,593,1,2
298,593,1,4
299,599,1,0
300,601,1,0
301,601,1,2
302,601,1,4
303,607,1,0
304,607,1,2
305,607,1,4
306,613,1,0
307,613,1,2
308,617,1,0
309,619,1,0
310,619,1,2
311,619,1,4
312,619,1,6
313,619,1,8
314,619,1,10
315,631,1,0
316,631,1,2
317,631,1,4
318,631,1,6
319,631,1,8
320,641,1,0
321,643,1,0
322,643,1,2
323,647,1,0
324,647,1,2
325,647,1,4
326,653,1,0
327,653,1,2
328,653,1,4
329,659,1,0
330,661,1,0
331,661,1,2
332,661,1,4
333,661,1,6
334,661,1,8
335,661,1,10
336,673,1,0
337,673,1,2
338,677,1,0
339,677,1,2
340,677,1,4
341,683,1,0
342,683,1,2
343,683,1,4
344,683,1,6
345,691,1,0
346,691,1,2
347,691,1,4
348,691,1,6
349,691,1,8
350,701,1,0
351,701,1,2
352,701,1,4
353,701,1,6
354,709,1,0
355,709,1,2
356,709,1,4
357,709,1,6
358,709,1,8
359,719,1,0
360,719,1,2
361,719,1,4
362,719,1,6
363,727,1,0
364,727,1,2
365,727,1,4
366,733,1,0
367,733,1,2
368,733,1,4
369,739,1,0
370,739,1,2
371,743,1,0
372,743,1,2
373,743,1,4
374,743,1,6
375,751,1,0
376,751,1,2
377,751,1,4
378,757,1,0
379,757,1,2
380,761,1,0
381,761,1,2
382,761,1,4
383,761,1,6
384,769,1,0
385,769,1,2
386,773,1,0
387,773,1,2
388,773,1,4
389,773,1,6
390,773,1,8
391,773,1,10
392,773,1,12
393,787,1,0
394,787,1,2
395,787,1,4
396,787,1,6
397,787,1,8
398,797,1,0
399,797,1,2
400,797,1,4
401,797,1,6
402,797,1,8
403,797,1,10
404,809,1,0
405,811,1,0
406,811,1,2
407,811,1,4
408,811,1,6
409,811,1,8
410,821,1,0
411,823,1,0
412,823,1,2
413,827,1,0
414,829,1,0
415,829,1,2
416,829,1,4
417,829,1,6
418,829,1,8
419,839,1,0
420,839,1,2
421,839,1,4
422,839,1,6
423,839,1,8
424,839,1,10
425,839,1,12
426,853,1,0
427,853,1,2
428,857,1,0
429,859,1,0
430,859,1,2
431,863,1,0
432,863,1,2
433,863,1,4
434,863,1,6
435,863,1,8
436,859,1,14
437,863,1,12
438,877,1,0
439,877,1,2
440,881,1,0
441,883,1,0
442,883,1,2
443,887,1,0
444,887,1,2
445,887,1,4
446,887,1,6
447,887,1,8
448,887,1,10
449,887,1,12
450,887,1,14
451,887,1,16
452,887,1,18
453,907,1,0
454,907,1,2
455,911,1,0
456,911,1,2
457,911,1,4
458,911,1,6
459,919,1,0
460,919,1,2
461,919,1,4
462,919,1,6
463,919,1,8
464,929,1,0
465,929,1,2
466,929,1,4
467,929,1,6
468,937,1,0
469,937,1,2
470,941,1,0
471,941,1,2
472,941,1,4
473,947,1,0
474,947,1,2
475,947,1,4
476,953,1,0
477,953,1,2
478,953,1,4
479,953,1,6
480,953,1,8
481,953,1,10
482,953,1,12
483,967,1,0
484,967,1,2
485,971,1,0
486,971,1,2
487,971,1,4
488,977,1,0
489,977,1,2
490,977,1,4
491,983,1,0
492,983,1,2
493,983,1,4
494,983,1,6
495,991,1,0
496,991,1,2
497,991,1,4
498,997,1,0
499,997,1,2
500,997,1,4
501,997,1,6
502,997,1,8
503,997,1,10
504,1009,1,0
505,1009,1,2
506,1013,1,0
507,1013,1,2
508,1013,1,4
509,1019,1,0
510,1021,1,0
511,1021,1,2
512,1021,1,4
513,1021,1,6
514,1021,1,8
515,1031,1,0
516,1033,1,0
517,1033,1,2
518,1033,1,4
519,1039,1,0
520,1039,1,2
521,1039,1,4
522,1039,1,6
523,1039,1,8
524,1049,1,0
525,1051,1,0
526,1051,1,2
527,1051,1,4
528,1051,1,6
529,1051,1,8
530,1061,1,0
531,1063,1,0
532,1063,1,2
533,1063,1,4
534,1069,1,0
535,1069,1,2
536,1069,1,4
537,1069,1,6
538,1069,1,8
539,1069,1,10
540,1069,1,12
541,1069,1,14
542,1069,1,16
543,1087,1,0
544,1087,1,2
545,1091,1,0
546,1093,1,0
547,1093,1,2
548,1097,1,0
549,1097,1,2
550,1097,1,4
551,1103,1,0
552,1103,1,2
553,1103,1,4
554,1109,1,0
555,1109,1,2
556,1109,1,4
557,1109,1,6
558,1117,1,0
559,1117,1,2
560,1117,1,4
561,1123,1,0
562,1123,1,2
563,1123,1,4
564,1129,1,0
565,1129,1,2
566,1129,1,4
567,1129,1,6
568,1129,1,8
569,1123,1,16
570,1129,1,12
571,1129,1,14
572,1129,1,16
